sweep_id,sweep_idx,timestamp,timestamp_str,sweep_type,zone_idx,zone_level,zone_level_str,sweep_quality_score,zone_state_at_sweep,zone_id,zone_top,zone_bottom,sweep_low,reversal_price,reversal_distance,candle_body,candle_total_range,wick_ratio,lower_wick,upper_wick,pin_bar_bull,pin_bar_bear,volume,volume_spike,volume_zscore,vol_surge,reversal_pattern,mss_confirmed,days_old_at_sweep,sweep_freshness,sweep_maturity,midas_filtered,zone_touch_count,zone_sweep_count,avg_volume,volume_node_score,avg_absorption,volume_confirmation,cancel_to_trade_avg,hidden_rate_avg,hidden_volume_avg,fill_rate_avg,oddlot_rate_avg,oddlot_volume_avg,sweep_high,cutoff_date,outcome,forward_close,forward_pct_move,forward_bars,max_favourable,max_adverse
0_BUL_20210419_1430_236.14,0,2021-04-19 14:30:00,20210419_1430,BULLISH,1,236.14012614658904,236.14,56,active,2021-03-10_to_2021-03-10,242.42655476161414,236.14012614658904,235.56,237.43,1.8700000000000045,0.5500000000000114,2.319999999999993,4.218181818181718,1.3199999999999932,0.44999999999998863,True,False,10680303.0,False,-0.10520856905520096,True,0,False,40,0.0,fading,False,0,0,181817100.0,312276300.0,2.8258694503358686,1.0,2.7635578040403614,39.066362986,32.373483657,1.3753189870201024,92.177112984,55.642618435,,2021-04-19,LOSS,239.66,0.9392241923935433,8,3.5041907088404973,-0.3243061112749064
1_BUL_20210427_1030_236.14,1,2021-04-27 10:30:00,20210427_1030,BULLISH,1,236.14012614658904,236.14,55,active,2021-03-10_to_2021-03-10,242.42655476161414,236.14012614658904,235.03,237.96,2.930000000000007,1.9300000000000068,3.180000000000007,1.647668393782381,1.0,0.25,True,False,15546795.0,False,0.32152847322265216,False,0,False,48,0.0,fading,False,0,0,181817100.0,525874200.0,2.8258694503358686,1.0,2.7635578040403614,39.066362986,32.373483657,1.3753189870201024,92.177112984,55.642618435,,2021-04-27,LOSS,231.49,-2.7189443603967045,12,0.5715246259875547,-2.840813582114649
2_BUL_20210803_1530_236.14,2,2021-08-03 15:30:00,20210803_1530,BULLISH,1,236.14012614658904,236.14,39,active,2021-03-10_to_2021-03-10,242.42655476161414,236.14012614658904,236.04,236.62,0.5800000000000125,0.3100000000000023,0.8400000000000034,2.7096774193548296,0.27000000000001023,0.2599999999999909,True,True,3717261.0,False,-0.8916021225323357,False,0,True,146,0.0,stale,False,0,0,181817100.0,525874200.0,2.8258694503358686,1.0,2.7635578040403614,39.066362986,32.373483657,1.3753189870201024,92.177112984,55.642618435,,2021-08-03,LOSS,236.97,0.14791649057560405,7,2.117318907953677,-0.13101174879553812
3_BUL_20210809_0930_236.14,3,2021-08-09 09:30:00,20210809_0930,BULLISH,1,236.14012614658904,236.14,63,active,2021-03-10_to_2021-03-10,242.42655476161414,236.14012614658904,235.04,238.16,3.1200000000000045,1.4399999999999977,4.6299999999999955,3.21527777777778,1.6800000000000068,1.509999999999991,True,True,7894923.0,False,0.8443332473435311,True,0,False,152,0.0,stale,False,0,0,181817100.0,564633000.0,2.8258694503358686,1.0,2.7635578040403614,39.066362986,32.373483657,1.3753189870201024,92.177112984,55.642618435,,2021-08-09,LOSS,236.66,-0.6298286865972456,13,0.43248236479677576,-1.7635203224722829
4_BEA_20210813_0930_242.43,4,2021-08-13 09:30:00,20210813_0930,BEARISH,1,242.42655476161414,242.43,81,active,2021-03-10_to_2021-03-10,242.42655476161414,236.14012614658904,,240.01,3.2900000000000205,1.210000000000008,3.730000000000018,3.0826446280991684,0.4399999999999977,2.0800000000000125,False,True,20269170.0,True,3.1597817998401463,True,0,False,156,0.0,stale,False,0,0,181817100.0,614827500.0,2.8258694503358686,1.0,2.7635578040403614,39.066362986,32.373483657,1.3753189870201024,92.177112984,55.642618435,243.3,2021-08-13,LOSS,239.06,-0.3958168409649551,6,0.7624682304903896,-0.06666388900462339
5_BUL_20210824_1430_236.14,5,2021-08-24 14:30:00,20210824_1430,BULLISH,1,236.14012614658904,236.14,43,active,2021-03-10_to_2021-03-10,242.42655476161414,236.14012614658904,235.33,236.2,0.8699999999999761,0.44999999999998863,1.259999999999991,2.8000000000000504,0.4199999999999875,0.3900000000000148,True,True,3211593.0,False,-0.6012358012051559,True,0,False,167,0.0,stale,False,0,0,181817100.0,614827500.0,2.8258694503358686,1.0,2.7635578040403614,39.066362986,32.373483657,1.3753189870201024,92.177112984,55.642618435,,2021-08-24,LOSS,237.0,0.33869602032176604,7,1.181202370872151,-0.6392887383573205
6_BUL_20210825_0930_236.14,6,2021-08-25 09:30:00,20210825_0930,BULLISH,1,236.14012614658904,236.14,67,active,2021-03-10_to_2021-03-10,242.42655476161414,236.14012614658904,234.69,237.38,2.6899999999999977,1.829999999999984,3.640000000000015,1.9890710382513914,0.8600000000000136,0.950000000000017,True,True,12167769.0,False,1.2068320403250363,True,0,False,168,0.0,stale,False,0,0,181817100.0,614827500.0,2.8258694503358686,1.0,2.7635578040403614,39.066362986,32.373483657,1.3753189870201024,92.177112984,55.642618435,,2021-08-25,LOSS,233.72,-1.5418316623135886,13,0.6782374252253828,-2.0389249304911967
7_BUL_20210827_0930_236.14,7,2021-08-27 09:30:00,20210827_0930,BULLISH,1,236.14012614658904,236.14,84,active,2021-03-10_to_2021-03-10,242.42655476161414,236.14012614658904,234.03,236.61,2.5800000000000125,1.6400000000000148,3.960000000000008,2.4146341463414465,0.9399999999999977,1.3799999999999955,True,True,14249505.0,True,2.6409459977814276,True,0,False,170,0.0,stale,False,0,0,181817100.0,614827500.0,2.8258694503358686,1.0,2.7635578040403614,39.066362986,32.373483657,1.3753189870201024,92.177112984,55.642618435,,2021-08-27,LOSS,237.25,0.27048729977599695,6,0.7269346181480068,-0.1352436498880105
8_BEA_20211012_1230_270.05,8,2021-10-12 12:30:00,20211012_1230,BEARISH,3,270.0485255650112,270.05,58,active,2021-10-04_to_2021-10-04,270.0485255650112,267.9314549037388,,269.67,0.7799999999999727,0.27000000000003865,1.6200000000000045,5.999999999999158,0.5699999999999932,0.7799999999999727,True,True,4377570.0,False,-0.5717073028866495,False,-1,False,8,0.84,established,False,0,0,91449900.0,174708300.0,5.152409952185389,1.0,3.244072849655494,37.919543033,31.279903611,1.1043697772758847,87.52560653,48.302764015,270.45,2021-10-12,WIN,270.42,0.27811769941039044,10,0.7379389624355727,-0.7898542663255073
9_BEA_20211013_0930_270.05,9,2021-10-13 09:30:00,20211013_0930,BEARISH,3,270.0485255650112,270.05,63,active,2021-10-04_to_2021-10-04,270.0485255650112,267.9314549037388,,269.3,1.2899999999999636,0.6399999999999864,1.9899999999999523,3.1093749999999916,0.6999999999999886,0.6499999999999773,True,True,12589644.0,False,1.0660580390270773,True,-1,False,9,0.7975,established,False,0,0,91449900.0,174708300.0,5.152409952185389,1.0,3.244072849655494,37.919543033,31.279903611,1.1043697772758847,87.52560653,48.302764015,270.59,2021-10-13,LOSS,272.77,1.2885258076494506,13,0.11139992573338707,-1.529892313405126
10_BEA_20211013_1130_270.05,10,2021-10-13 11:30:00,20211013_1130,BEARISH,3,270.0485255650112,270.05,53,active,2021-10-04_to_2021-10-04,270.0485255650112,267.9314549037388,,269.76,0.8700000000000045,0.03000000000002956,1.4800000000000182,49.33333333328533,0.6100000000000136,0.839999999999975,True,True,4769640.0,False,-0.4164511293184446,False,-1,False,9,0.7975,established,False,0,0,91449900.0,174708300.0,5.152409952185389,1.0,3.244072849655494,37.919543033,31.279903611,1.1043697772758847,87.52560653,48.302764015,270.63,2021-10-13,LOSS,272.77,1.115806642941871,11,0.28173190984578544,-1.3567615658363084
11_BUL_20220128_0930_267.93,11,2022-01-28 09:30:00,20220128_0930,BULLISH,3,267.9314549037388,267.93,95,active,2021-10-04_to_2021-10-04,270.0485255650112,267.9314549037388,264.0,274.73,10.730000000000018,2.4599999999999795,16.970000000000027,6.898373983739906,10.730000000000018,3.7800000000000296,True,True,50057724.0,True,2.4782168293493716,True,0,False,116,0.0,stale,False,0,0,91449900.0,174708300.0,5.152409952185389,1.0,3.244072849655494,37.919543033,31.279903611,1.1043697772758847,87.52560653,48.302764015,,2022-01-28,LOSS,282.1,2.682633858697632,6,4.040330506315279,-1.332217085866132
12_BUL_20220222_1330_267.93,12,2022-02-22 13:30:00,20220222_1330,BULLISH,3,267.9314549037388,267.93,66,active,2021-10-04_to_2021-10-04,270.0485255650112,267.9314549037388,267.03,270.66,3.6300000000000523,1.4399999999999977,3.9600000000000364,2.7500000000000298,2.1900000000000546,0.3299999999999841,True,False,10362969.0,False,0.7980524883520257,True,0,False,141,0.0,stale,False,0,0,91449900.0,174708300.0,5.152409952185389,1.0,3.244072849655494,37.919543033,31.279903611,1.1043697772758847,87.52560653,48.302764015,,2022-02-22,LOSS,254.66,-5.911475652109668,9,2.8670656912731807,-6.3326682923224755
13_BEA_20220225_0930_270.05,13,2022-02-25 09:30:00,20220225_0930,BEARISH,3,270.0485255650112,270.05,79,active,2021-10-04_to_2021-10-04,270.0485255650112,267.9314549037388,,265.23,7.939999999999998,4.509999999999991,12.370000000000005,2.742793791574286,4.430000000000007,3.430000000000007,True,True,27436671.0,False,1.1319550019991524,True,-1,False,144,0.0,stale,False,0,0,91449900.0,250776000.0,5.152409952185389,1.0,3.244072849655494,37.919543033,31.279903611,1.1043697772758847,87.52560653,48.302764015,273.17,2022-02-25,WIN,269.94,1.775817215247136,6,0.9652000150812511,-2.4054594125853015
21_BEA_20220225_0930_267.28,21,2022-02-25 09:30:00,20220225_0930,BEARISH,8,267.2762908935547,267.28,79,active,2022-01-28_to_2022-01-28,267.2762908935547,260.73036193847656,,265.23,7.939999999999998,4.509999999999991,12.370000000000005,2.742793791574286,4.430000000000007,3.430000000000007,True,True,27436671.0,False,1.1319550019991524,True,-1,False,28,0.0,fading,False,0,0,134789100.0,289372800.0,10.545513657863477,1.0,2.485835244593693,43.359335586,37.533433063,2.0656853697482216,92.181888401,57.46744934,273.17,2022-02-25,WIN,269.94,1.775817215247136,6,0.9652000150812511,-2.4054594125853015
22_BEA_20220225_1230_267.28,22,2022-02-25 12:30:00,20220225_1230,BEARISH,8,267.2762908935547,267.28,64,active,2022-01-28_to_2022-01-28,267.2762908935547,260.73036193847656,,267.09,2.7100000000000364,1.4600000000000364,4.970000000000027,3.40410958904103,2.259999999999991,1.25,True,True,6866169.0,False,-0.7183950146389946,False,-1,False,28,0.0,fading,False,0,0,134789100.0,289372800.0,10.545513657863477,1.0,2.485835244593693,43.359335586,37.533433063,2.0656853697482216,92.181888401,57.46744934,269.8,2022-02-25,LOSS,269.94,1.0670560485229785,3,0.4567748698940322,-1.1681455689093583
23_BUL_20220308_0930_260.73,23,2022-03-08 09:30:00,20220308_0930,BULLISH,8,260.73036193847656,260.73,90,active,2022-01-28_to_2022-01-28,267.2762908935547,260.73036193847656,260.72,268.86,8.139999999999986,3.7100000000000364,10.829999999999984,2.919137466307245,4.42999999999995,2.6899999999999977,True,True,22147386.0,True,2.3833562597766877,True,0,False,39,0.0,fading,False,0,0,134789100.0,289372800.0,10.545513657863477,1.0,2.485835244593693,43.359335586,37.533433063,2.0656853697482216,92.181888401,57.46744934,,2022-03-08,LOSS,286.31,6.490366733616004,13,6.691214758610433,-0.8629026259019538
14_BUL_20220308_0930_267.93,14,2022-03-08 09:30:00,20220308_0930,BULLISH,3,267.9314549037388,267.93,90,active,2021-10-04_to_2021-10-04,270.0485255650112,267.9314549037388,260.72,268.86,8.139999999999986,3.7100000000000364,10.829999999999984,2.919137466307245,4.42999999999995,2.6899999999999977,True,True,22147386.0,True,2.3833562597766877,True,0,False,155,0.0,stale,False,0,0,91449900.0,323270100.0,5.152409952185389,1.0,3.244072849655494,37.919543033,31.279903611,1.1043697772758847,87.52560653,48.302764015,,2022-03-08,LOSS,286.31,6.490366733616004,13,6.691214758610433,-0.8629026259019538
15_BUL_20220308_1030_267.93,15,2022-03-08 10:30:00,20220308_1030,BULLISH,3,267.9314549037388,267.93,62,active,2021-10-04_to_2021-10-04,270.0485255650112,267.9314549037388,266.54,271.25,4.7099999999999795,2.420000000000016,8.339999999999975,3.446280991735504,2.2899999999999636,3.6299999999999955,True,True,10866870.0,False,0.2391469830422832,False,0,False,155,0.0,stale,False,0,0,91449900.0,323270100.0,5.152409952185389,1.0,3.244072849655494,37.919543033,31.279903611,1.1043697772758847,87.52560653,48.302764015,,2022-03-08,LOSS,286.31,5.552073732718895,12,5.751152073732727,-0.8294930875576038
20_BUL_20220404_0930_368.61,20,2022-04-04 09:30:00,20220404_0930,BULLISH,7,368.6059539794922,368.61,88,active,2022-01-13_to_2022-01-13,375.12738342285155,368.6059539794922,357.67,369.33,11.659999999999968,6.199999999999989,11.829999999999984,1.9080645161290333,5.4599999999999795,0.17000000000001592,True,False,23922174.0,True,3.140376141988794,True,1,True,81,0.0,stale,False,0,0,97209900.0,157435800.0,3.2567874508588845,1.0,2.9375281147427335,44.311921051,35.823955034,1.4411841206864564,93.077204509,58.487664158,,2022-04-04,WIN,363.72,-1.5189667776784872,13,4.023502017166224,-1.8682479083746182
24_BUL_20220510_1130_260.73,24,2022-05-10 11:30:00,20220510_1130,BULLISH,8,260.73036193847656,260.73,64,active,2022-01-28_to_2022-01-28,267.2762908935547,260.73036193847656,260.09,263.47,3.3800000000000523,1.9500000000000455,5.740000000000009,2.9435897435896794,1.4300000000000068,2.359999999999957,True,True,9637329.0,False,-0.3266702008981736,False,0,False,102,0.0,stale,False,0,0,134789100.0,356409900.0,10.545513657863477,1.0,2.485835244593693,43.359335586,37.533433063,2.0656853697482216,92.181888401,57.46744934,,2022-05-10,LOSS,244.79,-7.089991270353374,11,3.4235396819372155,-7.99711542111057
25_BUL_20220701_1230_223.29,25,2022-07-01 12:30:00,20220701_1230,BULLISH,9,223.2942072732108,223.29,61,active,2022-05-12_to_2022-05-12,230.0391362326486,223.2942072732108,222.12,223.57,1.4499999999999886,0.9200000000000159,2.4199999999999875,2.6304347826086367,1.4499999999999886,0.04999999999998295,True,False,10637185.714285715,False,-0.593303712285371,False,1,False,50,0.0,stale,False,0,0,140313000.0,958608900.0,10.019871531114266,1.0,2.6923084615090014,41.013999354,36.774513316,1.85845004829254,91.338461154,52.293841279,,2022-07-01,WIN,227.26,1.6504897794874078,3,1.6504897794874078,-0.35782976249048754
26_BUL_20220701_1330_223.29,26,2022-07-01 13:30:00,20220701_1330,BULLISH,9,223.2942072732108,223.29,53,active,2022-05-12_to_2022-05-12,230.0391362326486,223.2942072732108,222.77,224.01,1.2399999999999807,0.5699999999999932,1.9299999999999784,3.3859649122807043,0.6699999999999875,0.6899999999999977,True,True,10637185.714285715,False,-0.6611232688610347,False,1,False,50,0.0,stale,False,0,0,140313000.0,958608900.0,10.019871531114266,1.0,2.6923084615090014,41.013999354,36.774513316,1.85845004829254,91.338461154,52.293841279,,2022-07-01,WIN,227.26,1.4508280880317843,2,1.4508280880317843,-0.08481764206954946
27_BEA_20220706_0930_230.04,27,2022-07-06 09:30:00,20220706_0930,BEARISH,9,230.0391362326486,230.04,64,active,2022-05-12_to_2022-05-12,230.0391362326486,223.2942072732108,,229.3,5.149999999999977,1.549999999999983,6.949999999999989,4.483870967741978,1.8000000000000114,3.5999999999999943,True,True,395271.0,False,-3.8893052182948766,False,0,False,55,0.0,stale,False,0,0,140313000.0,958608900.0,10.019871531114266,1.0,2.6923084615090014,41.013999354,36.774513316,1.85845004829254,91.338461154,52.293841279,234.45,2022-07-06,LOSS,244.54,6.646314871347571,13,0.8329699084169319,-6.986480593109455
16_BUL_20220727_0930_267.93,16,2022-07-27 09:30:00,20220727_0930,BULLISH,3,267.9314549037388,267.93,82,active,2021-10-04_to_2021-10-04,270.0485255650112,267.9314549037388,261.99,269.23,7.240000000000009,4.460000000000036,8.079999999999984,1.8116591928250938,2.7799999999999727,0.839999999999975,True,False,24653850.0,True,2.329079448626933,True,0,True,296,0.0,stale,False,0,0,91449900.0,387343500.0,5.152409952185389,1.0,3.244072849655494,37.919543033,31.279903611,1.1043697772758847,87.52560653,48.302764015,,2022-07-27,LOSS,280.9,4.334583813096593,13,5.214872042491536,-0.5348586710247735
17_BUL_20220727_1030_267.93,17,2022-07-27 10:30:00,20220727_1030,BULLISH,3,267.9314549037388,267.93,61,active,2021-10-04_to_2021-10-04,270.0485255650112,267.9314549037388,267.79,268.7,0.9099999999999682,0.5099999999999909,2.519999999999982,4.941176470588288,0.9099999999999682,1.1000000000000227,True,True,9939861.0,False,0.064774799239992,False,0,True,296,0.0,stale,False,0,0,91449900.0,387343500.0,5.152409952185389,1.0,3.244072849655494,37.919543033,31.279903611,1.1043697772758847,87.52560653,48.302764015,,2022-07-27,LOSS,280.9,4.540379605507997,12,5.42240416821734,-0.10420543356902597
18_BUL_20220901_1230_267.93,18,2022-09-01 12:30:00,20220901_1230,BULLISH,3,267.9314549037388,267.93,54,active,2021-10-04_to_2021-10-04,270.0485255650112,267.9314549037388,267.33,269.95,2.6200000000000045,1.5699999999999932,2.8700000000000045,1.8280254777070173,1.0500000000000114,0.25,True,False,5045270.0,False,-0.5395304312806801,False,0,False,332,0.0,stale,False,0,0,91449900.0,387343500.0,5.152409952185389,1.0,3.244072849655494,37.919543033,31.279903611,1.1043697772758847,87.52560653,48.302764015,,2022-09-01,LOSS,270.21,0.09631413224670898,10,4.3859974069272205,-0.46675310242637197
19_BUL_20220930_0930_267.93,19,2022-09-30 09:30:00,20220930_0930,BULLISH,3,267.9314549037388,267.93,80,active,2021-10-04_to_2021-10-04,270.0485255650112,267.9314549037388,262.61,271.38,8.769999999999982,6.089999999999975,9.259999999999991,1.5205254515599391,2.680000000000007,0.4900000000000091,True,False,20310969.0,True,2.292145942868952,True,0,False,361,0.0,stale,False,0,0,91449900.0,515854200.0,5.152409952185389,1.0,3.244072849655494,37.919543033,31.279903611,1.1043697772758847,87.52560653,48.302764015,,2022-09-30,LOSS,265.25,-2.2588252634681982,6,1.5144815388016855,-2.3251529221018505
28_BUL_20221007_1230_223.29,28,2022-10-07 12:30:00,20221007_1230,BULLISH,9,223.2942072732108,223.29,59,active,2022-05-12_to_2022-05-12,230.0391362326486,223.2942072732108,222.11,223.92,1.8099999999999739,1.0999999999999943,2.3899999999999864,2.1727272727272715,0.7099999999999795,0.5800000000000125,True,True,11519554.0,False,0.07312337986458467,False,1,False,148,0.0,stale,False,0,0,140313000.0,958608900.0,10.019871531114266,1.0,2.6923084615090014,41.013999354,36.774513316,1.85845004829254,91.338461154,52.293841279,,2022-10-07,LOSS,223.07,-0.379599857091816,3,0.48231511254019854,-0.848517327616996
35_BUL_20221021_0930_206.27,35,2022-10-21 09:30:00,20221021_0930,BULLISH,10,206.26729322160995,206.27,78,active,2022-06-16_to_2022-06-16,211.1193644932338,206.26729322160995,204.09,206.88,2.789999999999992,0.7699999999999818,6.069999999999993,7.883116883117061,2.0200000000000102,3.280000000000001,True,True,23644973.0,False,1.331115157423941,True,1,False,127,0.0,stale,False,0,0,107390700.0,436894800.0,6.827489238693629,1.0,2.9179063124063656,38.307105426,34.827566442,1.8282226118048834,91.398992385,50.781618411,,2022-10-21,WIN,214.5,3.683294663573088,6,3.7606341840680595,-0.11117556071151866
36_BUL_20221024_1230_206.27,36,2022-10-24 12:30:00,20221024_1230,BULLISH,10,206.26729322160995,206.27,62,active,2022-06-16_to_2022-06-16,211.1193644932338,206.26729322160995,205.67,206.32,0.6500000000000057,0.23999999999998067,2.0100000000000193,8.375000000000755,0.410000000000025,1.3600000000000136,True,True,8842775.0,False,-0.4505055972099758,False,1,False,130,0.0,stale,False,0,0,107390700.0,436894800.0,6.827489238693629,1.0,2.9179063124063656,38.307105426,34.827566442,1.8282226118048834,91.398992385,50.781618411,,2022-10-24,WIN,222.41,7.798565335401319,10,8.714618069019009,-0.2714230321830178
37_BUL_20221024_1330_206.27,37,2022-10-24 13:30:00,20221024_1330,BULLISH,10,206.26729322160995,206.27,58,active,2022-06-16_to_2022-06-16,211.1193644932338,206.26729322160995,205.76,207.89,2.1299999999999955,1.589999999999975,2.6299999999999955,1.6540880503144886,0.5400000000000205,0.5,True,False,7756308.0,False,-0.5545539031387708,False,1,False,130,0.0,stale,False,0,0,107390700.0,436894800.0,6.827489238693629,1.0,2.9179063124063656,38.307105426,34.827566442,1.8282226118048834,91.398992385,50.781618411,,2022-10-24,WIN,222.41,6.9844629371302185,9,7.893597575640976,-0.16354803020827122
29_BEA_20221026_1030_230.04,29,2022-10-26 10:30:00,20221026_1030,BEARISH,9,230.0391362326486,230.04,54,active,2022-05-12_to_2022-05-12,230.0391362326486,223.2942072732108,,229.74,0.75,1.9000000000000057,2.980000000000018,1.5684210526315838,0.3300000000000125,0.75,False,True,14607801.0,False,0.21509164182626636,False,0,False,167,0.0,stale,False,0,0,140313000.0,958608900.0,10.019871531114266,1.0,2.6923084615090014,41.013999354,36.774513316,1.85845004829254,91.338461154,52.293841279,230.49,2022-10-26,LOSS,225.09,-2.024027161138681,12,3.020806128667188,-1.7193349003220983
39_BEA_20221027_0930_232.09,39,2022-10-27 09:30:00,20221027_0930,BEARISH,12,232.089828981672,232.09,83,active,2022-10-18_to_2022-10-18,232.089828981672,227.5501856667655,,226.03,7.659999999999997,3.1899999999999977,10.009999999999991,3.137931034482758,2.3499999999999943,4.469999999999999,True,True,23789825.0,True,1.8639390658142996,True,-1,False,9,0.7975,established,False,0,0,75891900.0,564474600.0,0.2094750468007001,0.9272142088394513,2.6988574390433264,32.385088188,27.663465348,1.7140173650856172,75.68398665,32.060524438,233.69,2022-10-27,WIN,228.52,1.1016236782727997,13,4.260496394283943,-1.2476219970800306
30_BEA_20221027_0930_230.04,30,2022-10-27 09:30:00,20221027_0930,BEARISH,9,230.0391362326486,230.04,78,active,2022-05-12_to_2022-05-12,230.0391362326486,223.2942072732108,,226.03,7.659999999999997,3.1899999999999977,10.009999999999991,3.137931034482758,2.3499999999999943,4.469999999999999,True,True,23789825.0,True,1.8639390658142996,True,0,False,168,0.0,stale,False,0,0,140313000.0,958608900.0,10.019871531114266,1.0,2.6923084615090014,41.013999354,36.774513316,1.85845004829254,91.338461154,52.293841279,233.69,2022-10-27,LOSS,228.52,1.1016236782727997,13,4.260496394283943,-1.2476219970800306
31_BUL_20221028_1030_223.29,31,2022-10-28 10:30:00,20221028_1030,BULLISH,9,223.2942072732108,223.29,62,active,2022-05-12_to_2022-05-12,230.0391362326486,223.2942072732108,219.75,223.59,3.8400000000000034,2.530000000000001,4.349999999999994,1.7193675889328033,1.3100000000000023,0.5099999999999909,True,False,11145643.0,False,0.07620805059239921,False,1,False,169,0.0,stale,False,0,0,140313000.0,958608900.0,10.019871531114266,1.0,2.6923084615090014,41.013999354,36.774513316,1.85845004829254,91.338461154,52.293841279,,2022-10-28,WIN,228.52,2.2049286640726358,5,2.352520237935503,-0.6798157341562727
32_BUL_20221028_1130_223.29,32,2022-10-28 11:30:00,20221028_1130,BULLISH,9,223.2942072732108,223.29,62,active,2022-05-12_to_2022-05-12,230.0391362326486,223.2942072732108,222.07,226.32,4.25,2.5,4.300000000000011,1.7200000000000046,1.75,0.05000000000001137,True,False,8484643.0,False,-0.3045139664345088,False,1,False,169,0.0,stale,False,0,0,140313000.0,958608900.0,10.019871531114266,1.0,2.6923084615090014,41.013999354,36.774513316,1.85845004829254,91.338461154,52.293841279,,2022-10-28,WIN,228.52,0.9720749381406932,4,1.117886178861789,-0.8306822198656749
48_BEA_20221101_0930_232.09,48,2022-11-01 09:30:00,20221101_0930,BEARISH,13,232.089828981672,232.09,90,active,2022-10-18_to_2022-10-18,232.089828981672,227.5501856667655,,231.95,5.310000000000002,2.530000000000001,7.719999999999999,3.0513833992094845,2.4099999999999966,2.780000000000001,True,True,24001712.0,True,2.6734341098944427,True,-1,False,14,0.51,established,False,0,0,75891900.0,564474600.0,0.2094750468007001,0.9284947637756259,2.6988574390433264,32.385088188,27.663465348,1.7140173650856172,75.68398665,32.060524438,237.26,2022-11-01,WIN,214.93,-7.337788316447503,13,7.359344686354816,-0.189696055184306
33_BEA_20221101_1130_230.04,33,2022-11-01 11:30:00,20221101_1130,BEARISH,9,230.0391362326486,230.04,61,active,2022-05-12_to_2022-05-12,230.0391362326486,223.2942072732108,,229.57,1.1400000000000148,0.2400000000000091,2.680000000000007,11.166666666666272,1.539999999999992,0.9000000000000057,True,True,6669828.0,False,-0.3789770687690809,False,0,False,173,0.0,stale,False,0,0,140313000.0,1020163200.0,10.019871531114266,1.0,2.6923084615090014,41.013999354,36.774513316,1.85845004829254,91.338461154,52.293841279,230.71,2022-11-01,LOSS,214.93,-6.377139870192093,11,6.398919719475541,-0.24829028183124677
34_BEA_20221101_1230_230.04,34,2022-11-01 12:30:00,20221101_1230,BEARISH,9,230.0391362326486,230.04,47,active,2022-05-12_to_2022-05-12,230.0391362326486,223.2942072732108,,228.92,1.2199999999999989,0.5500000000000114,1.8599999999999852,3.381818181818085,0.6399999999999864,0.6699999999999875,True,True,5458637.0,False,-0.6110458865026407,False,0,False,173,0.0,stale,False,0,0,140313000.0,1020163200.0,10.019871531114266,1.0,2.6923084615090014,41.013999354,36.774513316,1.85845004829254,91.338461154,52.293841279,230.14,2022-11-01,LOSS,214.93,-6.111305259479286,10,6.133146950899874,-0.1834702079329093
35_BUL_20221115_0930_196.57,35,2022-11-15 09:30:00,20221115_0930,BULLISH,10,196.5661749158587,196.57,85,active,2022-10-24_to_2022-10-24,200.6138177599226,196.5661749158587,194.41,200.09,5.680000000000007,4.210000000000008,6.409999999999997,1.5225653206650795,1.4699999999999989,0.7299999999999898,True,False,30390449.0,True,2.043810637173367,True,1,True,22,0.0,fading,False,0,0,100446800.0,268189500.0,4.089292458482517,1.0,2.2100161493583874,28.742294291,29.071717559,2.094881810419256,74.787908296,28.501450003,,2022-11-15,LOSS,186.94,-6.572042580838626,13,0.2199010445299604,-7.2117547103803314
39_BEA_20230130_0930_179.06,39,2023-01-30 09:30:00,20230130_0930,BEARISH,11,179.0606735774449,179.06,73,active,2022-11-09_to_2022-11-09,179.0606735774449,175.1793166569301,,172.78,6.990000000000009,5.27000000000001,8.27000000000001,1.5692599620493348,1.2800000000000011,1.7199999999999989,False,True,72226263.0,True,1.6817816355114468,True,0,False,82,0.0,stale,False,0,0,127062700.0,433653300.0,7.378049646505028,1.0,2.118708271995465,32.062254058,31.112220159,2.115099056229506,74.780921126,28.622223824,179.77,2023-01-30,LOSS,173.29,0.29517305243661934,13,5.787706910522051,-0.8797314503993576
43_BUL_20230208_0930_196.57,43,2023-02-08 09:30:00,20230208_0930,BULLISH,12,196.5661749158587,196.57,82,active,2022-10-24_to_2022-10-24,200.6138177599226,196.5661749158587,194.31,202.11,7.800000000000011,6.010000000000019,8.539999999999992,1.420965058236267,1.789999999999992,0.7399999999999807,True,False,57667358.0,True,2.191847633265135,True,1,True,107,0.0,stale,False,0,0,100446800.0,268189500.0,4.089292458482517,1.0,2.2100161493583874,28.742294291,29.071717559,2.094881810419256,74.787908296,28.501450003,,2023-02-08,WIN,207.31,2.572856365345598,13,5.882935035376768,-2.181980109841188
50_BUL_20230208_0930_198.95,50,2023-02-08 09:30:00,20230208_0930,BULLISH,13,198.95025738307407,198.95,77,active,2022-11-15_to_2022-11-15,202.68975726536343,198.95025738307407,194.31,202.11,7.800000000000011,6.010000000000019,8.539999999999992,1.420965058236267,1.789999999999992,0.7399999999999807,True,False,57667358.0,True,2.191847633265135,True,0,True,85,0.0,stale,False,0,0,91293800.0,546823300.0,6.965278137777304,1.0,2.550178358874461,33.121099993,25.325204812,1.8253892986789295,74.407298034,30.242677901,,2023-02-08,LOSS,207.31,2.572856365345598,13,5.882935035376768,-2.181980109841188
38_BEA_20230209_1330_211.12,38,2023-02-09 13:30:00,20230209_1330,BEARISH,10,211.1193644932338,211.12,51,active,2022-06-16_to_2022-06-16,211.1193644932338,206.26729322160995,,209.65,3.0999999999999943,2.4000000000000057,3.3300000000000125,1.387500000000002,0.2300000000000182,0.6999999999999886,False,True,18693168.0,False,-0.527467989948669,False,0,False,238,0.0,stale,False,0,0,107390700.0,436894800.0,6.827489238693629,1.0,2.9179063124063656,38.307105426,34.827566442,1.8282226118048834,91.398992385,50.781618411,212.75,2023-02-09,LOSS,196.84,-6.110183639399,9,7.994276174576684,-0.7631767231099424
51_BEA_20230210_1030_202.69,51,2023-02-10 10:30:00,20230210_1030,BEARISH,13,202.68975726536343,202.69,66,active,2022-11-15_to_2022-11-15,202.68975726536343,198.95025738307407,,197.99,4.7099999999999795,2.6999999999999886,6.299999999999983,2.333333333333337,1.5900000000000034,2.009999999999991,True,True,31673586.0,False,0.15914997053342167,False,-1,True,87,0.0,stale,False,0,0,91293800.0,546823300.0,6.965278137777304,1.0,2.550178358874461,33.121099993,25.325204812,1.8253892986789295,74.407298034,30.242677901,202.7,2023-02-10,WIN,196.84,-0.5808374160311156,5,2.5758876710945113,-0.005050760139396386
52_BEA_20230221_1030_202.69,52,2023-02-21 10:30:00,20230221_1030,BEARISH,14,202.68975726536343,202.69,62,active,2022-11-15_to_2022-11-15,202.68975726536343,198.95025738307407,,200.84,5.639999999999986,3.3700000000000045,5.9599999999999795,1.7685459940652735,0.3199999999999932,2.269999999999982,False,True,29617006.0,False,0.09384894578772583,False,-1,False,98,0.0,stale,False,0,0,91293800.0,546823300.0,6.965278137777304,0.9952884681056862,2.550178358874461,33.121099993,25.325204812,1.8253892986789295,74.407298034,30.242677901,206.48,2023-02-21,WIN,200.86,0.009958175662223775,12,4.511053574985064,-1.3692491535550686
53_BEA_20230221_1230_202.69,53,2023-02-21 12:30:00,20230221_1230,BEARISH,14,202.68975726536343,202.69,66,active,2022-11-15_to_2022-11-15,202.68975726536343,198.95025738307407,,201.87,1.7199999999999989,0.2400000000000091,2.569999999999993,10.708333333332899,0.6099999999999852,1.7199999999999989,True,True,17357723.0,False,-0.9360206100233954,False,-1,False,98,0.0,stale,False,0,0,91293800.0,546823300.0,6.965278137777304,0.9952884681056862,2.550178358874461,33.121099993,25.325204812,1.8253892986789295,74.407298034,30.242677901,203.59,2023-02-21,WIN,200.86,-0.5003219893991137,10,4.998266210927826,-0.05944419676029353
54_BUL_20230222_1430_198.95,54,2023-02-22 14:30:00,20230222_1430,BULLISH,14,198.95025738307407,198.95,60,active,2022-11-15_to_2022-11-15,202.68975726536343,198.95025738307407,197.37,199.81,2.4399999999999977,1.1599999999999966,3.469999999999999,2.9913793103448354,1.2800000000000011,1.0300000000000011,True,True,22141139.0,False,-0.4698447953799166,False,0,True,99,0.0,stale,False,0,0,91293800.0,738651800.0,6.965278137777304,0.9932736336270193,2.550178358874461,33.121099993,25.325204812,1.8253892986789295,74.407298034,30.242677901,,2023-02-22,LOSS,201.99,1.0910364846604308,8,2.6675341574495692,-1.7416545718432457
15_BUL_20230224_1530_196.57,15,2023-02-24 15:30:00,20230224_1530,BULLISH,7,196.5661749158587,196.57,46,active,2022-10-24_to_2022-10-24,200.6138177599226,196.5661749158587,195.66,196.86,1.200000000000017,0.660000000000025,1.490000000000009,2.257575757575686,0.539999999999992,0.28999999999999204,True,False,10435043.0,False,-1.1788775503414608,False,1,True,123,0.0,stale,False,0,0,100446800.0,268189500.0,4.089292458482517,1.0,2.2100161493583874,28.742294291,29.071717559,2.094881810419256,74.787908296,28.501450003,,2023-02-24,TIMEOUT,,,0,,
58_BUL_20230301_1130_198.95,58,2023-03-01 11:30:00,20230301_1130,BULLISH,15,198.95025738307407,198.95,57,active,2022-11-15_to_2022-11-15,202.68975726536343,198.95025738307407,198.77,201.95,3.1799999999999784,2.0600000000000023,3.609999999999985,1.7524271844660102,1.1199999999999761,0.4300000000000068,True,False,18125923.0,False,-0.30744440377239474,False,0,False,106,0.0,stale,False,0,0,91293800.0,738651800.0,6.965278137777304,0.9873376484190208,2.550178358874461,33.121099993,25.325204812,1.8253892986789295,74.407298034,30.242677901,,2023-03-01,LOSS,190.87,-5.48650656102995,11,0.7279029462738297,-7.893042832384253
16_BUL_20230303_0930_196.57,16,2023-03-03 09:30:00,20230303_0930,BULLISH,7,196.5661749158587,196.57,80,active,2022-10-24_to_2022-10-24,200.6138177599226,196.5661749158587,192.88,197.21,4.3300000000000125,2.4099999999999966,4.3700000000000045,1.8132780082987596,1.920000000000016,0.03999999999999204,True,False,45436693.0,True,1.5982297812192165,True,1,False,130,0.0,stale,False,0,0,100446800.0,422382800.0,4.089292458482517,1.0,2.2100161493583874,28.742294291,29.071717559,2.094881810419256,74.787908296,28.501450003,,2023-03-03,WIN,197.86,0.3295978905735032,6,1.6581309264236,-0.8772374626033255
17_BUL_20230303_1030_196.57,17,2023-03-03 10:30:00,20230303_1030,BULLISH,7,196.5661749158587,196.57,63,active,2022-10-24_to_2022-10-24,200.6138177599226,196.5661749158587,195.48,197.1,1.6200000000000045,0.14000000000001478,2.280000000000001,16.285714285712576,1.6200000000000045,0.5199999999999818,True,True,22604172.0,False,0.011737900655089674,False,1,False,130,0.0,stale,False,0,0,100446800.0,422382800.0,4.089292458482517,1.0,2.2100161493583874,28.742294291,29.071717559,2.094881810419256,74.787908296,28.501450003,,2023-03-03,WIN,197.86,0.3855910705225872,5,1.7148655504819865,-0.15220700152206137
39_BEA_20230315_1130_179.06,39,2023-03-15 11:30:00,20230315_1130,BEARISH,11,179.0606735774449,179.06,58,active,2022-11-09_to_2022-11-09,179.0606735774449,175.1793166569301,,178.56,2.009999999999991,1.009999999999991,2.609999999999985,2.5841584158415927,0.5999999999999943,1.0,True,True,17533456.0,False,-0.38949045315433456,False,0,False,126,0.0,stale,False,0,0,127062700.0,433653300.0,7.378049646505028,1.0,2.118708271995465,32.062254058,31.112220159,2.115099056229506,74.780921126,28.622223824,180.57,2023-03-15,LOSS,184.09,3.096998207885305,11,1.4168906810035848,-4.060259856630824
59_BEA_20230403_0930_202.69,59,2023-04-03 09:30:00,20230403_0930,BEARISH,15,202.68975726536343,202.69,91,active,2022-11-15_to_2022-11-15,202.68975726536343,198.95025738307407,,196.95,5.740000000000009,2.960000000000008,7.1200000000000045,2.4054054054054004,1.3799999999999955,2.780000000000001,False,True,55216442.0,True,3.18550305545798,True,-1,True,139,0.0,stale,False,0,0,91293800.0,738651800.0,6.965278137777304,0.9652490155279471,2.550178358874461,33.121099993,25.325204812,1.8253892986789295,74.407298034,30.242677901,202.69,2023-04-03,WIN,192.68,-2.168062960142159,13,3.3663366336633644,-0.9088601167809194
40_BEA_20230519_1030_179.06,40,2023-05-19 10:30:00,20230519_1030,BEARISH,11,179.0606735774449,179.06,61,active,2022-11-09_to_2022-11-09,179.0606735774449,175.1793166569301,,178.82,3.1299999999999955,2.450000000000017,3.1299999999999955,1.2775510204081526,0.0,0.6799999999999784,False,True,27286555.0,False,1.0186617631178936,True,0,False,191,0.0,stale,False,0,0,127062700.0,543173600.0,7.378049646505028,1.0,2.118708271995465,32.062254058,31.112220159,2.115099056229506,74.780921126,28.622223824,181.95,2023-05-19,LOSS,180.13,0.7325802482943755,5,0.8947545017335837,-0.9786377362711106
18_BEA_20230530_0930_200.61,18,2023-05-30 09:30:00,20230530_0930,BEARISH,7,200.6138177599226,200.61,86,active,2022-10-24_to_2022-10-24,200.6138177599226,196.5661749158587,,200.18,4.299999999999983,0.21000000000000796,6.949999999999989,33.09523809523679,2.4399999999999977,4.299999999999983,True,True,48688752.0,True,2.94379235629955,True,0,False,218,0.0,stale,False,0,0,100446800.0,422382800.0,4.089292458482517,1.0,2.2100161493583874,28.742294291,29.071717559,2.094881810419256,74.787908296,28.501450003,204.48,2023-05-30,LOSS,203.93,1.8733140173843539,13,2.5277250474572894,-1.8833050254770616
19_BEA_20230530_1030_200.61,19,2023-05-30 10:30:00,20230530_1030,BEARISH,7,200.6138177599226,200.61,60,active,2022-10-24_to_2022-10-24,200.6138177599226,196.5661749158587,,199.96,1.5300000000000011,0.23999999999998067,2.4000000000000057,10.00000000000083,0.8700000000000045,1.2900000000000205,True,True,18296092.0,False,-0.02377594977904122,False,0,False,218,0.0,stale,False,0,0,100446800.0,422382800.0,4.089292458482517,1.0,2.2100161493583874,28.742294291,29.071717559,2.094881810419256,74.787908296,28.501450003,201.49,2023-05-30,LOSS,203.93,1.9853970794158824,12,2.4204840968193655,-1.9953990798159533
20_BUL_20230531_1230_196.57,20,2023-05-31 12:30:00,20230531_1230,BULLISH,7,196.5661749158587,196.57,50,active,2022-10-24_to_2022-10-24,200.6138177599226,196.5661749158587,195.95,198.03,2.0800000000000125,1.6500000000000057,2.1200000000000045,1.2848484848484831,0.4300000000000068,0.03999999999999204,True,False,11937462.0,False,-0.6783445149770243,False,1,False,219,0.0,stale,False,0,0,100446800.0,422382800.0,4.089292458482517,1.0,2.2100161493583874,28.742294291,29.071717559,2.094881810419256,74.787908296,28.501450003,,2023-05-31,WIN,207.5,4.782103721658334,10,5.9435439074887695,-0.08079583901428905
60_BUL_20230531_1430_198.95,60,2023-05-31 14:30:00,20230531_1430,BULLISH,15,198.95025738307407,198.95,44,active,2022-11-15_to_2022-11-15,202.68975726536343,198.95025738307407,198.54,198.97,0.4300000000000068,1.490000000000009,2.0700000000000216,1.389261744966449,0.4300000000000068,0.15000000000000568,True,False,13951689.0,False,-0.5894380973170331,False,0,True,197,0.0,stale,False,0,0,91293800.0,867470500.0,6.965278137777304,0.9448890005639202,2.550178358874461,33.121099993,25.325204812,1.8253892986789295,74.407298034,30.242677901,,2023-05-31,LOSS,207.5,4.287078454038298,8,5.443031612805957,-0.1658541488666696
35_BEA_20230605_0930_219.53,35,2023-06-05 09:30:00,20230605_0930,BEARISH,10,219.52895845685688,219.53,87,active,2023-02-16_to_2023-02-16,219.52895845685688,215.77102933611192,,217.12,4.1699999999999875,1.8799999999999955,4.889999999999986,2.601063829787233,0.7199999999999989,2.289999999999992,False,True,47211858.0,True,2.3816525135663165,True,0,False,109,0.0,stale,False,0,0,229586500.0,865358200.0,4.126560209930432,1.0,3.0381952612920795,24.69700701,21.43774947,1.3157873290845041,71.215800283,25.094776007,221.29,2023-06-05,LOSS,221.29,1.9205969049373561,13,2.1140383198231407,-2.206153279292553
42_BEA_20230703_1530_278.67,42,2023-07-03 15:30:00,20230703_1530,BEARISH,9,278.666026197161,278.67,27,active,2023-06-21_to_2023-06-21,278.666026197161,275.313954271589,,278.57,1.25,0.0,1.5,1.5,0.25,1.25,False,True,31637415.0,False,0.8749667970534925,True,0,False,12,0.64,established,False,0,0,211797100.0,362122500.0,1.3814452116930558,1.0,2.5764547951883263,27.750486789,25.856944488,1.8535333797238795,73.745788973,29.929125007,279.82,2023-07-03,TIMEOUT,,,0,,
43_BUL_20230707_0930_275.31,43,2023-07-07 09:30:00,20230707_0930,BULLISH,9,275.313954271589,275.31,74,active,2023-06-21_to_2023-06-21,278.666026197161,275.313954271589,275.21,276.59,1.3799999999999955,1.8400000000000318,5.569999999999993,3.027173913043422,1.3799999999999955,2.349999999999966,True,True,34795406.0,False,1.3901022123998357,True,1,False,16,0.3599999999999999,established,False,0,0,211797100.0,482454600.0,1.3814452116930558,1.0,2.5764547951883263,27.750486789,25.856944488,1.8535333797238795,73.745788973,29.929125007,,2023-07-07,WIN,274.43,-0.7809392964315298,6,1.2184099208214343,-1.019559637007843
44_BUL_20230707_1030_275.31,44,2023-07-07 10:30:00,20230707_1030,BULLISH,9,275.313954271589,275.31,66,active,2023-06-21_to_2023-06-21,278.666026197161,275.313954271589,274.05,277.46,3.409999999999968,0.8700000000000045,3.839999999999975,4.413793103448224,2.5399999999999636,0.4300000000000068,True,False,18861599.0,False,-0.18421942683766376,False,1,False,16,0.3599999999999999,established,False,0,0,211797100.0,482454600.0,1.3814452116930558,1.0,2.5764547951883263,27.750486789,25.856944488,1.8535333797238795,73.745788973,29.929125007,,2023-07-07,WIN,274.43,-1.0920493044042288,5,0.9010307792114178,-1.329921430116052
48_BEA_20230720_0930_278.67,48,2023-07-20 09:30:00,20230720_0930,BEARISH,9,278.666026197161,278.67,82,active,2023-06-21_to_2023-06-21,278.666026197161,275.313954271589,,272.69,8.240000000000009,4.810000000000002,8.920000000000016,1.8544698544698568,0.6800000000000068,3.430000000000007,False,True,47693612.0,True,3.247620272142583,True,0,True,29,0.0,fading,False,0,0,211797100.0,595136100.0,1.3814452116930558,1.0,2.5764547951883263,27.750486789,25.856944488,1.8535333797238795,73.745788973,29.929125007,280.93,2023-07-20,LOSS,259.95,-4.671971836150944,13,6.19384649235395,-0.50240199493931
8_BUL_20230811_0930_238.82,8,2023-08-11 09:30:00,20230811_0930,BULLISH,4,238.82306829180035,238.82,89,active,2023-06-26_to_2023-06-26,242.57692560468402,238.82306829180035,238.02,240.94,2.9199999999999875,0.8300000000000125,4.649999999999977,5.602409638554105,2.9199999999999875,0.8999999999999773,True,False,30979374.0,True,2.2082451557504044,True,0,False,46,0.0,fading,False,0,0,179990600.0,943969500.0,1.1338046476897061,1.0,2.6018166784105374,25.004485138,23.152087804,1.7721497293529005,77.871766442,32.229211356,,2023-08-11,LOSS,242.65,0.7097202623059716,6,1.182867103843278,-0.6723665642898666
27_BUL_20230925_0930_238.82,27,2023-09-25 09:30:00,20230925_0930,BULLISH,8,238.82306829180035,238.82,89,active,2023-06-26_to_2023-06-26,242.57692560468402,238.82306829180035,238.31,242.01,3.6999999999999886,1.3700000000000045,6.569999999999993,4.795620437956184,3.6999999999999886,1.5,True,True,37259197.0,True,2.1405713405729756,True,0,False,91,0.0,stale,False,0,0,179990600.0,1042564800.0,1.1338046476897061,1.0,2.6018166784105374,25.004485138,23.152087804,1.7721497293529005,77.871766442,32.229211356,,2023-09-25,LOSS,244.13,0.8759968596339013,13,3.115573736622462,-0.14462212305276406
28_BUL_20230928_0930_238.82,28,2023-09-28 09:30:00,20230928_0930,BULLISH,8,238.82306829180035,238.82,80,active,2023-06-26_to_2023-06-26,242.57692560468402,238.82306829180035,238.65,239.62,0.9699999999999989,0.4000000000000057,4.650000000000006,11.624999999999849,0.9699999999999989,3.280000000000001,True,True,30907003.0,True,1.871436680722922,True,0,True,94,0.0,stale,False,0,0,179990600.0,1179162000.0,1.1338046476897061,1.0,2.6018166784105374,25.004485138,23.152087804,1.7721497293529005,77.871766442,32.229211356,,2023-09-28,LOSS,250.23,4.427844086470238,13,6.280777898339029,-0.3505550454886919
56_BEA_20231025_1030_219.53,56,2023-10-25 10:30:00,20231025_1030,BEARISH,12,219.52895845685688,219.53,55,active,2023-02-16_to_2023-02-16,219.52895845685688,215.77102933611192,,218.67,1.4300000000000068,1.5699999999999932,3.109999999999985,1.980891719745222,0.10999999999998522,1.4300000000000068,False,True,19341376.0,False,0.10888024917260868,False,0,False,251,0.0,stale,False,0,0,229586500.0,865358200.0,4.126560209930432,1.0,3.0381952612920795,24.69700701,21.43774947,1.3157873290845041,71.215800283,25.094776007,220.1,2023-10-25,LOSS,205.67,-5.9450313257419864,12,6.306306306306303,-0.09603512141583571
87_BUL_20231031_0930_198.95,87,2023-10-31 09:30:00,20231031_0930,BULLISH,19,198.95025738307407,198.95,86,active,2022-11-15_to_2022-11-15,202.68975726536343,198.95025738307407,194.07,199.17,5.099999999999994,3.049999999999983,7.090000000000003,2.3245901639344404,2.0500000000000114,1.990000000000009,True,True,39454094.0,True,2.505592455223087,True,0,False,350,0.0,stale,False,0,0,91293800.0,985538800.0,6.965278137777304,0.9037929733380234,2.550178358874461,33.121099993,25.325204812,1.8253892986789295,74.407298034,30.242677901,,2023-10-31,LOSS,205.69,3.273585379324201,13,3.419189636993524,-1.4058342119797074
88_BUL_20231031_1230_198.95,88,2023-10-31 12:30:00,20231031_1230,BULLISH,19,198.95025738307407,198.95,51,active,2022-11-15_to_2022-11-15,202.68975726536343,198.95025738307407,197.05,199.75,2.6999999999999886,2.039999999999992,2.6999999999999886,1.3235294117647054,0.6599999999999966,0.0,True,False,11336435.0,False,-0.5359412189467112,False,0,False,350,0.0,stale,False,0,0,91293800.0,985538800.0,6.965278137777304,0.9037929733380234,2.550178358874461,33.121099993,25.325204812,1.8253892986789295,74.407298034,30.242677901,,2023-10-31,LOSS,205.69,2.97371714643304,10,3.118898623279094,-0.9511889862327939
22_BUL_20231116_1530_233.00,22,2023-11-16 15:30:00,20231116_1530,BULLISH,6,232.99825177873885,233.00,55,active,2023-09-27_to_2023-09-27,236.16175188337053,232.99825177873885,232.28,233.47,1.1899999999999977,0.6999999999999886,2.219999999999999,3.1714285714286214,0.4900000000000091,1.0300000000000011,True,True,9974770.0,False,-0.930446931266371,False,1,False,50,0.0,stale,False,0,0,136597200.0,1014417300.0,16.05186149515953,1.0,2.9919552452044194,26.86460421,21.515173822,1.3530013090983235,79.08725195,32.529673826,,2023-11-16,WIN,234.48,0.4326037606544699,7,1.6790165760054772,-2.9682614468668382
43_BEA_20231121_1130_242.58,43,2023-11-21 11:30:00,20231121_1130,BEARISH,11,242.57692560468402,242.58,53,active,2023-06-26_to_2023-06-26,242.57692560468402,238.82306829180035,,241.43,1.5300000000000011,0.5099999999999909,1.7800000000000011,3.490196078431437,0.25,1.0200000000000102,False,True,14322682.0,False,-0.40074667566654276,False,-1,False,148,0.0,stale,False,0,0,179990600.0,1301450000.0,1.1338046476897061,1.0,2.6018166784105374,25.004485138,23.152087804,1.7721497293529005,77.871766442,32.229211356,242.96,2023-11-21,WIN,234.21,-2.9905148490245614,11,4.15441328749534,-1.0686327299838396
32_BUL_20231122_1230_233.00,32,2023-11-22 12:30:00,20231122_1230,BULLISH,9,232.99825177873885,233.00,55,active,2023-09-27_to_2023-09-27,236.16175188337053,232.99825177873885,231.57,234.18,2.6100000000000136,1.7900000000000205,2.6599999999999966,1.4860335195530536,0.8199999999999932,0.04999999999998295,True,False,11010944.0,False,-0.550912708434011,False,1,False,56,0.0,stale,False,0,0,136597200.0,1391220800.0,16.05186149515953,1.0,2.9919552452044194,26.86460421,21.515173822,1.3530013090983235,79.08725195,32.529673826,,2023-11-22,LOSS,234.21,0.012810658467845732,3,0.2732940473140261,-1.1871210180203267
33_BUL_20231122_1430_233.00,33,2023-11-22 14:30:00,20231122_1430,BULLISH,9,232.99825177873885,233.00,60,active,2023-09-27_to_2023-09-27,236.16175188337053,232.99825177873885,231.4,233.08,1.6800000000000068,0.09999999999999432,1.960000000000008,19.600000000001195,1.6800000000000068,0.18000000000000682,True,False,11377377.0,False,-0.5190557174351417,False,1,False,56,0.0,stale,False,0,0,136597200.0,1391220800.0,16.05186149515953,1.0,2.9919552452044194,26.86460421,21.515173822,1.3530013090983235,79.08725195,32.529673826,,2023-11-22,WIN,234.21,0.4848120816886886,1,0.6092328814141014,-0.03003260683028213
34_BUL_20231124_0930_233.00,34,2023-11-24 09:30:00,20231124_0930,BULLISH,9,232.99825177873885,233.00,77,active,2023-09-27_to_2023-09-27,236.16175188337053,232.99825177873885,232.33,235.36,3.030000000000001,1.6100000000000136,4.489999999999981,2.788819875776362,1.4199999999999875,1.4599999999999795,True,True,26995527.0,False,1.0727160601058068,True,1,False,58,0.0,stale,False,0,0,136597200.0,1456346000.0,16.05186149515953,1.0,2.9919552452044194,26.86460421,21.515173822,1.3530013090983235,79.08725195,32.529673826,,2023-11-24,WIN,235.93,0.24218218898708072,3,1.4403467029231756,-0.07647858599592404
45_BUL_20231130_1330_238.82,45,2023-11-30 13:30:00,20231130_1330,BULLISH,13,238.82306829180035,238.82,57,active,2023-06-26_to_2023-06-26,242.57692560468402,238.82306829180035,238.23,239.96,1.7300000000000182,0.2400000000000091,2.0800000000000125,8.66666666666639,1.490000000000009,0.3499999999999943,True,False,12038592.0,False,-0.7036048891529982,False,0,False,157,0.0,stale,False,0,0,179990600.0,1433803200.0,1.1338046476897061,1.0,2.6018166784105374,25.004485138,23.152087804,1.7721497293529005,77.871766442,32.229211356,,2023-11-30,LOSS,238.79,-0.48758126354393067,9,0.7876312718786407,-3.358893148858144
35_BUL_20231201_0930_233.00,35,2023-12-01 09:30:00,20231201_0930,BULLISH,9,232.99825177873885,233.00,83,active,2023-09-27_to_2023-09-27,236.16175188337053,232.99825177873885,231.9,233.26,1.3599999999999852,0.12000000000000455,4.430000000000007,36.91666666666532,1.2399999999999807,3.0700000000000216,True,True,37892650.0,True,1.963750455690913,True,1,False,65,0.0,stale,False,0,0,136597200.0,1456346000.0,16.05186149515953,1.0,2.9919552452044194,26.86460421,21.515173822,1.3530013090983235,79.08725195,32.529673826,,2023-12-01,WIN,238.79,2.3707450913144137,6,2.970933722026926,-0.398696733259015
46_BUL_20231201_1130_238.82,46,2023-12-01 11:30:00,20231201_1130,BULLISH,13,238.82306829180035,238.82,52,active,2023-06-26_to_2023-06-26,242.57692560468402,238.82306829180035,235.82,239.48,3.6599999999999966,2.509999999999991,3.680000000000007,1.4661354581673387,1.1500000000000057,0.020000000000010232,True,False,18619418.0,False,-0.025264852630868785,False,0,False,158,0.0,stale,False,0,0,179990600.0,1433803200.0,1.1338046476897061,1.0,2.6018166784105374,25.004485138,23.152087804,1.7721497293529005,77.871766442,32.229211356,,2023-12-01,LOSS,238.79,-0.2881242692500408,4,0.2964756973442492,-1.1942542174711814
56_BEA_20231206_1230_242.58,56,2023-12-06 12:30:00,20231206_1230,BEARISH,14,242.57692560468402,242.58,64,active,2023-06-26_to_2023-06-26,242.57692560468402,238.82306829180035,,242.41,4.159999999999997,2.219999999999999,4.509999999999991,2.0315315315315283,0.3499999999999943,1.9399999999999977,False,True,17638333.0,False,0.04082291278614022,False,-1,False,163,0.0,stale,False,0,0,179990600.0,1433803200.0,1.1338046476897061,1.0,2.6018166784105374,25.004485138,23.152087804,1.7721497293529005,77.871766442,32.229211356,246.57,2023-12-06,WIN,242.64,0.09488057423373202,10,2.2400066003877757,-0.6889154737840913
57_BEA_20231206_1330_242.58,57,2023-12-06 13:30:00,20231206_1330,BEARISH,14,242.57692560468402,242.58,53,active,2023-06-26_to_2023-06-26,242.57692560468402,238.82306829180035,,241.65,1.3700000000000045,0.7699999999999818,1.7600000000000193,2.2857142857143646,0.3900000000000148,0.6000000000000227,True,True,11457702.0,False,-0.6359970779604068,False,-1,False,163,0.0,stale,False,0,0,179990600.0,1433803200.0,1.1338046476897061,1.0,2.6018166784105374,25.004485138,23.152087804,1.7721497293529005,77.871766442,32.229211356,243.02,2023-12-06,WIN,242.64,0.409683426443195,9,1.9325470722118832,-1.0055865921787737
58_BEA_20231206_1430_242.58,58,2023-12-06 14:30:00,20231206_1430,BEARISH,14,242.57692560468402,242.58,61,active,2023-06-26_to_2023-06-26,242.57692560468402,238.82306829180035,,239.96,3.1599999999999966,1.6999999999999886,3.3300000000000125,1.958823529411785,0.17000000000001592,1.460000000000008,False,True,11879551.0,False,-0.6350574614709056,False,-1,True,163,0.0,stale,False,0,0,179990600.0,1433803200.0,1.1338046476897061,1.0,2.6018166784105374,25.004485138,23.152087804,1.7721497293529005,77.871766442,32.229211356,243.12,2023-12-06,WIN,242.64,1.116852808801458,8,1.2418736456076087,-1.7169528254709137
59_BEA_20231207_1030_242.58,59,2023-12-07 10:30:00,20231207_1030,BEARISH,14,242.57692560468402,242.58,71,active,2023-06-26_to_2023-06-26,242.57692560468402,238.82306829180035,,242.07,2.0100000000000193,2.049999999999983,4.8300000000000125,2.3560975609756354,0.7700000000000102,2.0100000000000193,False,True,22568561.0,False,0.5380414126693547,True,-1,False,164,0.0,stale,False,0,0,179990600.0,1433803200.0,1.1338046476897061,1.0,2.6018166784105374,25.004485138,23.152087804,1.7721497293529005,77.871766442,32.229211356,244.08,2023-12-07,WIN,243.77,0.7022762010988628,12,1.156690213574579,-1.3219316726566768
60_BEA_20231211_0930_242.58,60,2023-12-11 09:30:00,20231211_0930,BEARISH,14,242.57692560468402,242.58,75,active,2023-06-26_to_2023-06-26,242.57692560468402,238.82306829180035,,239.55,3.5,2.4499999999999886,3.6000000000000227,1.4693877551020569,0.10000000000002274,1.0500000000000114,False,True,29064896.0,True,1.864119553368248,True,-1,True,168,0.0,stale,False,0,0,179990600.0,1531717100.0,1.1338046476897061,1.0,2.6018166784105374,25.004485138,23.152087804,1.7721497293529005,77.871766442,32.229211356,243.05,2023-12-11,WIN,236.97,-1.0770194113963734,13,2.3711125026090616,-1.0519724483406312
61_BUL_20231211_1330_238.82,61,2023-12-11 13:30:00,20231211_1330,BULLISH,14,238.82306829180035,238.82,50,active,2023-06-26_to_2023-06-26,242.57692560468402,238.82306829180035,238.12,240.2,2.079999999999984,1.5,2.259999999999991,1.5066666666666606,0.5799999999999841,0.18000000000000682,True,False,9416266.0,False,-0.6635434485525809,False,0,False,168,0.0,stale,False,0,0,179990600.0,1531717100.0,1.1338046476897061,1.0,2.6018166784105374,25.004485138,23.152087804,1.7721497293529005,77.871766442,32.229211356,,2023-12-11,LOSS,236.97,-1.3447127393838427,9,0.1956702747710237,-2.635303913405489
38_BEA_20231218_1230_254.37,38,2023-12-18 12:30:00,20231218_1230,BEARISH,11,254.36699998038156,254.37,42,active,2023-11-29_to_2023-11-29,254.36699998038156,251.13300001961844,,254.14,1.240000000000009,0.36000000000001364,1.3599999999999852,3.7777777777775934,0.11999999999997613,0.8799999999999955,False,True,12031644.0,False,-0.7685932479469276,False,0,False,19,0.09750000000000003,established,False,0,0,135401300.0,1417124200.0,6.326459049898935,1.0,3.4973279463738907,25.265096674,16.831513185,1.0909138115238397,76.266689207,26.153421073,255.38,2023-12-18,LOSS,257.2,1.204060753915166,10,1.0938852600928517,-1.6526324073345355
39_BEA_20231218_1330_254.37,39,2023-12-18 13:30:00,20231218_1330,BEARISH,11,254.36699998038156,254.37,51,active,2023-11-29_to_2023-11-29,254.36699998038156,251.13300001961844,,252.71,2.259999999999991,1.4399999999999977,2.3300000000000125,1.618055555555567,0.0700000000000216,0.8199999999999932,False,True,12026431.0,False,-0.6899728390923099,False,0,False,19,0.09750000000000003,established,False,0,0,135401300.0,1417124200.0,6.326459049898935,1.0,3.4973279463738907,25.265096674,16.831513185,1.0909138115238397,76.266689207,26.153421073,254.97,2023-12-18,LOSS,257.2,1.7767401369158247,9,0.5342091725693461,-2.2278501048632693
40_BUL_20231221_1230_251.13,40,2023-12-21 12:30:00,20231221_1230,BULLISH,11,251.13300001961844,251.13,61,active,2023-11-29_to_2023-11-29,254.36699998038156,251.13300001961844,250.07,251.23,1.1599999999999966,0.0700000000000216,2.1100000000000136,30.142857142848037,1.1599999999999966,0.8799999999999955,True,True,11023217.0,False,-0.6263480077032162,False,1,False,22,0.0,fading,False,0,0,135401300.0,1417124200.0,6.326459049898935,1.0,3.4973279463738907,25.265096674,16.831513185,1.0909138115238397,76.266689207,26.153421073,,2023-12-21,WIN,252.54,0.5214345420530997,10,2.7823110297337252,-0.055725828921699784
62_BUL_20240103_1030_238.82,62,2024-01-03 10:30:00,20240103_1030,BULLISH,14,238.82306829180035,238.82,60,active,2023-06-26_to_2023-06-26,242.57692560468402,238.82306829180035,237.12,239.04,1.9199999999999875,1.079999999999984,3.1899999999999977,2.953703703703745,0.8400000000000034,1.2700000000000102,True,True,19936039.0,False,0.47806154149331737,False,0,False,191,0.0,stale,False,0,0,179990600.0,1531717100.0,1.1338046476897061,1.0,2.6018166784105374,25.004485138,23.152087804,1.7721497293529005,77.871766442,32.229211356,,2024-01-03,LOSS,237.96,-0.45180722891565606,12,1.5311244979919665,-0.5480254350736289
63_BUL_20240103_1130_238.82,63,2024-01-03 11:30:00,20240103_1130,BULLISH,14,238.82306829180035,238.82,54,active,2023-06-26_to_2023-06-26,242.57692560468402,238.82306829180035,238.35,240.46,2.1100000000000136,1.4099999999999966,2.5200000000000102,1.7872340425532032,0.700000000000017,0.4099999999999966,True,False,13218333.0,False,-0.23161211852383212,False,0,False,191,0.0,stale,False,0,0,179990600.0,1531717100.0,1.1338046476897061,1.0,2.6018166784105374,25.004485138,23.152087804,1.7721497293529005,77.871766442,32.229211356,,2024-01-03,LOSS,237.96,-1.0396739582466938,11,0.9315478665890297,-1.1353239624053972
64_BUL_20240104_0930_238.82,64,2024-01-04 09:30:00,20240104_0930,BULLISH,14,238.82306829180035,238.82,75,active,2023-06-26_to_2023-06-26,242.57692560468402,238.82306829180035,237.73,240.48,2.75,1.2299999999999898,4.030000000000001,3.2764227642276706,1.5200000000000102,1.2800000000000011,True,True,31465260.0,True,1.6829370887525947,True,0,False,192,0.0,stale,False,0,0,179990600.0,1531717100.0,1.1338046476897061,1.0,2.6018166784105374,25.004485138,23.152087804,1.7721497293529005,77.871766442,32.229211356,,2024-01-04,LOSS,237.43,-1.268296739853619,13,0.9231536926147701,-2.3203592814371192
65_BUL_20240108_1130_238.82,65,2024-01-08 11:30:00,20240108_1130,BULLISH,14,238.82306829180035,238.82,54,active,2023-06-26_to_2023-06-26,242.57692560468402,238.82306829180035,237.69,239.21,1.5200000000000102,0.950000000000017,2.3100000000000023,2.4315789473683798,0.5699999999999932,0.789999999999992,True,True,10782053.0,False,-0.3903597365298452,False,0,False,196,0.0,stale,False,0,0,179990600.0,1616883700.0,1.1338046476897061,1.0,2.6018166784105374,25.004485138,23.152087804,1.7721497293529005,77.871766442,32.229211356,,2024-01-08,LOSS,234.88,-1.8101249947744713,11,0.8528071568914309,-2.9973663308390184
17_BUL_20240110_1230_233.00,17,2024-01-10 12:30:00,20240110_1230,BULLISH,5,232.99825177873885,233.00,49,active,2023-09-27_to_2023-09-27,236.16175188337053,232.99825177873885,232.02,233.48,1.4599999999999795,0.7800000000000011,1.6199999999999761,2.0769230769230433,0.6799999999999784,0.1599999999999966,True,False,10698934.0,False,-0.2760498758526599,False,1,False,105,0.0,stale,False,0,0,136597200.0,1748780000.0,16.05186149515953,1.0,2.9919552452044194,26.86460421,21.515173822,1.3530013090983235,79.08725195,32.529673826,,2024-01-10,WIN,227.31,-2.642624635943116,10,0.7580949117697492,-3.4735309234195584
49_BUL_20240116_0930_215.77,49,2024-01-16 09:30:00,20240116_0930,BULLISH,12,215.77102933611192,215.77,82,active,2023-02-16_to_2023-02-16,219.52895845685688,215.77102933611192,212.18,222.96,10.780000000000001,7.960000000000008,11.310000000000002,1.4208542713567829,2.819999999999993,0.5300000000000011,True,False,42524626.0,True,2.45045726424171,True,1,False,334,0.0,stale,False,0,0,229586500.0,991345800.0,4.126560209930432,1.0,3.0381952612920795,24.69700701,21.43774947,1.3157873290845041,71.215800283,25.094776007,,2024-01-16,LOSS,215.54,-3.327951202009336,13,0.21528525296016762,-4.911194833153936
36_BEA_20240124_1430_207.18,36,2024-01-24 14:30:00,20240124_1430,BEARISH,10,207.18335980006626,207.18,53,active,2023-11-10_to_2023-11-10,207.18335980006626,204.19664508274624,,207.11,2.289999999999992,1.3199999999999932,2.490000000000009,1.886363636363653,0.20000000000001705,0.9699999999999989,False,True,13465828.0,False,-0.2414538026784331,False,0,True,75,0.0,stale,False,0,0,130994000.0,940407900.0,6.762966174849977,1.0,3.187463147759268,26.733614631,16.547089657,1.2545038210746955,79.769762183,29.810987565,209.4,2024-01-24,LOSS,182.56,-11.853604364830288,8,13.06069238568877,-0.5842306020954949
50_BUL_20240205_1230_178.68,50,2024-02-05 12:30:00,20240205_1230,BULLISH,13,178.67635438101632,178.68,66,active,2024-01-25_to_2024-01-25,181.44364073617118,178.67635438101632,178.28,181.36,3.0800000000000125,1.0100000000000193,4.300000000000011,4.2574257425741875,2.069999999999993,1.2199999999999989,True,True,16207730.0,False,0.007184244490419801,False,1,False,11,0.6975,established,False,0,0,198076800.0,942935200.0,47.33500584667197,1.0,2.3002086464705074,22.150088685,22.919111776,2.0081319120666663,74.891816651,25.620254956,,2024-02-05,WIN,185.1,2.06219673577414,10,2.828628142920156,-2.343405381561535
85_BUL_20240228_0930_202.06,85,2024-02-28 09:30:00,20240228_0930,BULLISH,15,202.06267667497906,202.06,82,active,2024-02-16_to_2024-02-16,204.27731966291157,202.06267667497906,198.44,202.75,4.310000000000002,2.3300000000000125,4.890000000000015,2.0987124463519264,1.9799999999999898,0.5800000000000125,True,False,30192577.0,True,1.8397108318684103,True,1,False,12,0.64,established,False,0,0,111346700.0,513850200.0,6.615300859846572,1.0,3.2232189940398497,17.976657886,18.809807596,1.210866253813089,73.875267868,26.484077392,,2024-02-28,WIN,201.75,-0.4932182490752158,13,1.2577065351418057,-2.120838471023433
72_BEA_20240321_0930_176.38,72,2024-03-21 09:30:00,20240321_0930,BEARISH,14,176.37649443490164,176.38,75,active,2024-02-05_to_2024-02-05,176.37649443490164,173.64349457877023,,175.05,3.039999999999992,1.3100000000000023,4.289999999999992,3.2748091603053315,1.25,1.7299999999999898,True,True,23813682.0,True,1.897204334377408,True,0,False,45,0.0,fading,False,0,0,134294400.0,337181600.0,11.358991558966093,1.0,2.675416343356034,19.01565698,18.581965375,1.6184467922216499,75.719263138,25.904966495,178.09,2024-03-21,LOSS,170.78,-2.439303056269643,13,4.998571836618109,-0.5141388174807068
73_BEA_20240404_1230_176.38,73,2024-04-04 12:30:00,20240404_1230,BEARISH,14,176.37649443490164,176.38,50,active,2024-02-05_to_2024-02-05,176.37649443490164,173.64349457877023,,175.93,1.259999999999991,0.4800000000000182,1.8599999999999852,3.8749999999998224,0.11999999999997613,1.259999999999991,False,True,18530524.0,False,0.4427090379868255,False,0,False,59,0.0,stale,False,0,0,134294400.0,496398500.0,11.358991558966093,1.0,2.675416343356034,19.01565698,18.581965375,1.6184467922216499,75.719263138,25.904966495,177.19,2024-04-04,LOSS,164.85,-6.297959415676696,10,8.75916557721821,-0.2216790769055797
54_BUL_20240502_1030_178.68,54,2024-05-02 10:30:00,20240502_1030,BULLISH,13,178.67635438101632,178.68,56,active,2024-01-25_to_2024-01-25,181.44364073617118,178.67635438101632,177.21,179.95,2.7399999999999807,2.009999999999991,2.7399999999999807,1.3631840796019865,0.7299999999999898,0.0,True,False,16431659.0,False,-0.04063050531200761,False,1,False,98,0.0,stale,False,0,0,198076800.0,1326377700.0,47.33500584667197,1.0,2.3002086464705074,22.150088685,22.919111776,2.0081319120666663,74.891816651,25.620254956,,2024-05-02,WIN,181.24,0.716865796054471,12,2.684078910808565,-0.8557932759099706
55_BUL_20240502_1130_178.68,55,2024-05-02 11:30:00,20240502_1130,BULLISH,13,178.67635438101632,178.68,60,active,2024-01-25_to_2024-01-25,181.44364073617118,178.67635438101632,178.61,179.76,1.1499999999999773,0.20000000000001705,1.829999999999984,9.14999999999914,1.1499999999999773,0.47999999999998977,True,True,11229712.0,False,-0.5963119449861068,False,1,False,98,0.0,stale,False,0,0,198076800.0,1326377700.0,47.33500584667197,1.0,2.3002086464705074,22.150088685,22.919111776,2.0081319120666663,74.891816651,25.620254956,,2024-05-02,WIN,181.24,0.823319982198497,11,2.7926123720516305,-0.7510013351134815
56_BUL_20240502_1230_178.68,56,2024-05-02 12:30:00,20240502_1230,BULLISH,13,178.67635438101632,178.68,56,active,2024-01-25_to_2024-01-25,181.44364073617118,178.67635438101632,178.41,180.4,1.990000000000009,0.6500000000000057,2.1500000000000057,3.3076923076922875,1.3400000000000034,0.1599999999999966,True,False,8898382.0,False,-0.82521341316281,False,1,False,98,0.0,stale,False,0,0,198076800.0,1326377700.0,47.33500584667197,1.0,2.3002086464705074,22.150088685,22.919111776,2.0081319120666663,74.891816651,25.620254956,,2024-05-02,WIN,181.24,0.46563192904656503,10,2.427937915742791,-1.0310421286031117
57_BUL_20240503_1030_178.68,57,2024-05-03 10:30:00,20240503_1030,BULLISH,13,178.67635438101632,178.68,61,active,2024-01-25_to_2024-01-25,181.44364073617118,178.67635438101632,178.54,179.61,1.0700000000000216,1.4099999999999966,2.8499999999999943,2.021276595744682,1.0700000000000216,0.3699999999999761,True,False,13896005.0,False,0.18239314425905057,False,1,False,99,0.0,stale,False,0,0,198076800.0,1326377700.0,47.33500584667197,1.0,2.3002086464705074,22.150088685,22.919111776,2.0081319120666663,74.891816651,25.620254956,,2024-05-03,WIN,181.24,0.9075218529035105,5,1.3417961138021248,-0.05567618729470672
61_BUL_20240508_0930_173.64,61,2024-05-08 09:30:00,20240508_0930,BULLISH,14,173.64349457877023,173.64,86,active,2024-02-05_to_2024-02-05,176.37649443490164,173.64349457877023,170.15,174.09,3.9399999999999977,2.5900000000000034,4.159999999999997,1.6061776061776027,1.3499999999999943,0.21999999999999886,True,False,30845527.0,True,2.6505930026053632,True,1,False,93,0.0,stale,False,0,0,134294400.0,670884000.0,11.358991558966093,1.0,2.675416343356034,19.01565698,18.581965375,1.6184467922216499,75.719263138,25.904966495,,2024-05-08,WIN,171.96,-1.2235050835774575,13,1.1315985984261008,-1.556666092251139
62_BUL_20240516_0930_173.64,62,2024-05-16 09:30:00,20240516_0930,BULLISH,14,173.64349457877023,173.64,75,active,2024-02-05_to_2024-02-05,176.37649443490164,173.64349457877023,171.43,174.21,2.780000000000001,0.09000000000000341,2.8499999999999943,31.666666666665403,2.6899999999999977,0.06999999999999318,True,False,19791967.0,False,1.187559562906939,True,1,False,101,0.0,stale,False,0,0,134294400.0,730696200.0,11.358991558966093,1.0,2.675416343356034,19.01565698,18.581965375,1.6184467922216499,75.719263138,25.904966495,,2024-05-16,WIN,177.57,1.928706733252962,13,3.111187647092582,-0.8380689971873072
63_BUL_20240517_0930_173.64,63,2024-05-17 09:30:00,20240517_0930,BULLISH,14,173.64349457877023,173.64,65,active,2024-02-05_to_2024-02-05,176.37649443490164,173.64349457877023,172.75,175.79,3.039999999999992,2.039999999999992,3.1500000000000057,1.5441176470588323,1.0,0.11000000000001364,True,False,15893921.0,False,0.9528396626363793,True,1,True,102,0.0,stale,False,0,0,134294400.0,730696200.0,11.358991558966093,1.0,2.675416343356034,19.01565698,18.581965375,1.6184467922216499,75.719263138,25.904966495,,2024-05-17,WIN,177.57,1.0125718186472503,6,2.184424597531147,0.0
64_BUL_20240520_1330_173.64,64,2024-05-20 13:30:00,20240520_1330,BULLISH,14,173.64349457877023,173.64,51,active,2024-02-05_to_2024-02-05,176.37649443490164,173.64349457877023,173.52,174.26,0.7399999999999807,0.009999999999990905,1.0600000000000023,106.00000000009663,0.7299999999999898,0.3200000000000216,True,True,5243885.0,False,-0.7309706710805886,False,1,False,105,0.0,stale,False,0,0,134294400.0,792423600.0,11.358991558966093,1.0,2.675416343356034,19.01565698,18.581965375,1.6184467922216499,75.719263138,25.904966495,,2024-05-20,WIN,186.6,7.081372661540229,9,7.2248364512797,-0.05738551589578464
87_BUL_20240521_1030_178.68,87,2024-05-21 10:30:00,20240521_1030,BULLISH,17,178.67635438101632,178.68,44,active,2024-01-25_to_2024-01-25,181.44364073617118,178.67635438101632,177.78,178.9,1.1200000000000045,0.710000000000008,1.4199999999999875,1.99999999999996,0.4099999999999966,0.29999999999998295,True,True,10505579.0,False,0.17793837969319004,False,1,True,117,0.0,stale,False,0,0,198076800.0,1326377700.0,47.33500584667197,1.0,2.3002086464705074,22.150088685,22.919111776,2.0081319120666663,74.891816651,25.620254956,,2024-05-21,WIN,180.11,0.6763555058692051,12,4.443823365008378,-0.41922861934041367
88_BEA_20240522_0930_181.44,88,2024-05-22 09:30:00,20240522_0930,BEARISH,17,181.44364073617118,181.44,81,active,2024-01-25_to_2024-01-25,181.44364073617118,178.67635438101632,,181.11,2.6899999999999977,1.6899999999999977,3.3000000000000114,1.9526627218935004,0.6100000000000136,1.0,False,True,28409000.0,True,2.2711388885597614,True,0,False,118,0.0,stale,False,0,0,198076800.0,1414691200.0,47.33500584667197,1.0,2.3002086464705074,22.150088685,22.919111776,2.0081319120666663,74.891816651,25.620254956,183.8,2024-05-22,LOSS,173.74,-4.0693501187123875,13,4.334382419524059,-0.5963226768262293
89_BEA_20240522_1030_181.44,89,2024-05-22 10:30:00,20240522_1030,BEARISH,17,181.44364073617118,181.44,50,active,2024-01-25_to_2024-01-25,181.44364073617118,178.67635438101632,,180.44,1.75,0.6800000000000068,1.8000000000000114,2.647058823529402,0.05000000000001137,1.0699999999999932,False,True,13018454.0,False,0.16472376550090903,False,0,False,118,0.0,stale,False,0,0,198076800.0,1414691200.0,47.33500584667197,1.0,2.3002086464705074,22.150088685,22.919111776,2.0081319120666663,74.891816651,25.620254956,182.19,2024-05-22,LOSS,173.74,-3.7131456439813726,12,3.9791620483263173,-0.3657725559742832
65_BUL_20240523_1430_173.64,65,2024-05-23 14:30:00,20240523_1430,BULLISH,14,173.64349457877023,173.64,45,active,2024-02-05_to_2024-02-05,176.37649443490164,173.64349457877023,173.26,173.72,0.46000000000000796,0.18999999999999773,0.8100000000000023,4.263157894736905,0.27000000000001023,0.3499999999999943,True,True,6050446.0,False,-0.9676080201538599,False,1,False,108,0.0,stale,False,0,0,134294400.0,792423600.0,11.358991558966093,1.0,2.675416343356034,19.01565698,18.581965375,1.6184467922216499,75.719263138,25.904966495,,2024-05-23,WIN,179.34,3.235090950955563,8,3.6610637807966926,-0.10361501266406103
66_BUL_20240523_1530_173.64,66,2024-05-23 15:30:00,20240523_1530,BULLISH,14,173.64349457877023,173.64,49,active,2024-02-05_to_2024-02-05,176.37649443490164,173.64349457877023,173.54,173.74,0.20000000000001705,0.010000000000019327,0.7600000000000193,75.99999999985505,0.18999999999999773,0.5600000000000023,True,True,4874167.0,False,-1.0657755863104383,False,1,False,108,0.0,stale,False,0,0,134294400.0,792423600.0,11.358991558966093,1.0,2.675416343356034,19.01565698,18.581965375,1.6184467922216499,75.719263138,25.904966495,,2024-05-23,WIN,179.34,3.2232070910555963,7,3.6491308852308064,-0.005755726948324696
90_BUL_20240524_1130_178.68,90,2024-05-24 11:30:00,20240524_1130,BULLISH,17,178.67635438101632,178.68,43,active,2024-01-25_to_2024-01-25,181.44364073617118,178.67635438101632,177.79,178.81,1.0200000000000102,0.3400000000000034,1.1500000000000057,3.3823529411764532,0.6800000000000068,0.12999999999999545,True,False,7119451.0,False,-0.7097812846610528,False,1,False,120,0.0,stale,False,0,0,198076800.0,1480275700.0,47.33500584667197,1.0,2.3002086464705074,22.150088685,22.919111776,2.0081319120666663,74.891816651,25.620254956,,2024-05-24,WIN,179.34,0.2964040042503222,4,0.7102511045243611,-0.16218332308036018
91_BUL_20240524_1230_178.68,91,2024-05-24 12:30:00,20240524_1230,BULLISH,17,178.67635438101632,178.68,43,active,2024-01-25_to_2024-01-25,181.44364073617118,178.67635438101632,178.52,179.05,0.5300000000000011,0.2300000000000182,0.8299999999999841,3.6086956521735583,0.29999999999998295,0.29999999999998295,True,True,6496071.0,False,-0.7232423340996196,False,1,False,120,0.0,stale,False,0,0,198076800.0,1480275700.0,47.33500584667197,1.0,2.3002086464705074,22.150088685,22.919111776,2.0081319120666663,74.891816651,25.620254956,,2024-05-24,WIN,179.34,0.16196593130410056,3,0.5752583077352701,-0.1172856743926322
67_BEA_20240529_1530_176.38,67,2024-05-29 15:30:00,20240529_1530,BEARISH,14,176.37649443490164,176.38,43,active,2024-02-05_to_2024-02-05,176.37649443490164,173.64349457877023,,176.16,1.8400000000000034,1.4099999999999966,1.9000000000000057,1.3475177304964612,0.060000000000002274,0.4300000000000068,False,True,4468972.0,False,-0.659098654731588,False,0,False,114,0.0,stale,False,0,0,134294400.0,792423600.0,11.358991558966093,1.0,2.675416343356034,19.01565698,18.581965375,1.6184467922216499,75.719263138,25.904966495,178.0,2024-05-29,LOSS,178.83,1.515667574931889,7,0.44277929155313417,-3.6955040871934552
68_BEA_20240603_1130_176.38,68,2024-06-03 11:30:00,20240603_1130,BEARISH,14,176.37649443490164,176.38,51,active,2024-02-05_to_2024-02-05,176.37649443490164,173.64349457877023,,176.35,3.5800000000000125,2.710000000000008,3.640000000000015,1.343173431734319,0.060000000000002274,0.8700000000000045,False,True,8866013.0,False,-0.07574678210593899,False,0,False,119,0.0,stale,False,0,0,134294400.0,792423600.0,11.358991558966093,1.0,2.675416343356034,19.01565698,18.581965375,1.6184467922216499,75.719263138,25.904966495,179.93,2024-06-03,LOSS,174.72,-0.9242982704848288,11,1.309895094981572,-0.7938758151403491
69_BUL_20240605_0930_173.64,69,2024-06-05 09:30:00,20240605_0930,BULLISH,14,173.64349457877023,173.64,80,active,2024-02-05_to_2024-02-05,176.37649443490164,173.64349457877023,172.13,173.93,1.8000000000000114,1.3499999999999943,3.180000000000007,2.3555555555555707,1.8000000000000114,0.030000000000001137,True,False,20028059.0,True,1.8902350474886345,True,1,False,121,0.0,stale,False,0,0,134294400.0,910433700.0,11.358991558966093,1.0,2.675416343356034,19.01565698,18.581965375,1.6184467922216499,75.719263138,25.904966495,,2024-06-05,WIN,177.94,2.3055252112918936,13,3.311677111481625,-0.6784338526993657
70_BUL_20240606_0930_173.64,70,2024-06-06 09:30:00,20240606_0930,BULLISH,14,173.64349457877023,173.64,86,active,2024-02-05_to_2024-02-05,176.37649443490164,173.64349457877023,172.75,173.73,0.9799999999999898,0.7199999999999989,4.069999999999993,5.652777777777777,0.9799999999999898,2.3700000000000045,True,True,18897301.0,True,1.9200778565918533,True,1,False,122,0.0,stale,False,0,0,134294400.0,910433700.0,11.358991558966093,1.0,2.675416343356034,19.01565698,18.581965375,1.6184467922216499,75.719263138,25.904966495,,2024-06-06,WIN,177.4,2.112473378230597,13,3.430610717780469,-0.20721809704713365
71_BUL_20240606_1030_173.64,71,2024-06-06 10:30:00,20240606_1030,BULLISH,14,173.64349457877023,173.64,42,active,2024-02-05_to_2024-02-05,176.37649443490164,173.64349457877023,173.37,174.45,1.079999999999984,0.6799999999999784,1.25,1.8382352941177054,0.4000000000000057,0.17000000000001592,True,False,7319321.0,False,-0.13852379377648785,False,1,True,122,0.0,stale,False,0,0,134294400.0,910433700.0,11.358991558966093,1.0,2.675416343356034,19.01565698,18.581965375,1.6184467922216499,75.719263138,25.904966495,,2024-06-06,WIN,177.4,1.691028948122681,12,3.0037259959873945,-0.0458584121524701
76_BEA_20240716_0930_254.37,76,2024-07-16 09:30:00,20240716_0930,BEARISH,16,254.36699998038156,254.37,66,active,2023-11-29_to_2023-11-29,254.36699998038156,251.13300001961844,,247.69,10.930000000000007,7.6299999999999955,12.819999999999993,1.6802096985583226,1.8899999999999864,3.3000000000000114,False,True,40692664.0,False,1.163699061676805,True,0,True,230,0.0,stale,False,0,0,135401300.0,2082747900.0,6.326459049898935,1.0,3.4973279463738907,25.265096674,16.831513185,1.0909138115238397,76.266689207,26.153421073,258.62,2024-07-16,LOSS,248.49,0.32298437563083343,13,0.6096330090031858,-4.352214461625431
77_BEA_20240717_1030_254.37,77,2024-07-17 10:30:00,20240717_1030,BEARISH,16,254.36699998038156,254.37,65,active,2023-11-29_to_2023-11-29,254.36699998038156,251.13300001961844,,250.02,4.609999999999985,1.0600000000000023,5.930000000000007,5.594339622641504,1.3200000000000216,3.549999999999983,True,True,19770458.0,False,0.15157608636013292,False,0,False,231,0.0,stale,False,0,0,135401300.0,2082747900.0,6.326459049898935,1.0,3.4973279463738907,25.265096674,16.831513185,1.0909138115238397,76.266689207,26.153421073,254.63,2024-07-17,LOSS,249.28,-0.2959763218942521,12,1.535877129829615,-2.8477721782257324
34_BUL_20240718_0930_251.13,34,2024-07-18 09:30:00,20240718_0930,BULLISH,8,251.13300001961844,251.13,76,active,2023-11-29_to_2023-11-29,254.36699998038156,251.13300001961844,247.2,254.38,7.180000000000007,2.519999999999982,8.450000000000017,3.3531746031746343,4.660000000000025,1.2700000000000102,True,False,29721071.0,False,1.4754745595719605,True,1,False,232,0.0,stale,False,0,0,135401300.0,2082747900.0,6.326459049898935,1.0,3.4973279463738907,25.265096674,16.831513185,1.0909138115238397,76.266689207,26.153421073,,2024-07-18,WIN,239.26,-5.943863511282335,13,1.0849909584086763,-6.895196163220375
35_BUL_20240718_1030_251.13,35,2024-07-18 10:30:00,20240718_1030,BULLISH,8,251.13300001961844,251.13,69,active,2023-11-29_to_2023-11-29,254.36699998038156,251.13300001961844,250.33,253.53,3.1999999999999886,0.8700000000000045,5.269999999999982,6.057471264367764,3.1999999999999886,1.1999999999999886,True,True,18828989.0,False,0.23417734285733027,False,1,False,232,0.0,stale,False,0,0,135401300.0,2082747900.0,6.326459049898935,1.0,3.4973279463738907,25.265096674,16.831513185,1.0909138115238397,76.266689207,26.153421073,,2024-07-18,WIN,239.26,-5.628525223839391,12,1.4238946081331538,-6.583047371119788
36_BEA_20240723_0930_254.37,36,2024-07-23 09:30:00,20240723_0930,BEARISH,8,254.36699998038156,254.37,82,active,2023-11-29_to_2023-11-29,254.36699998038156,251.13300001961844,,248.98,6.780000000000001,4.469999999999999,8.060000000000002,1.8031319910514552,1.2800000000000011,2.3100000000000023,False,True,30608719.0,True,2.2745046689994797,True,0,False,237,0.0,stale,False,0,0,135401300.0,2183973300.0,6.326459049898935,1.0,3.4973279463738907,25.265096674,16.831513185,1.0909138115238397,76.266689207,26.153421073,255.76,2024-07-23,LOSS,215.5,-13.446863201863598,13,13.764157763675792,-0.37754036468792584
38_BEA_20240723_1130_248.31,38,2024-07-23 11:30:00,20240723_1130,BEARISH,9,248.30778263636998,248.31,56,active,2023-11-15_to_2023-11-15,248.30778263636998,245.0922112601144,,247.02,2.8999999999999773,2.030000000000001,3.4199999999999875,1.6847290640394017,0.5200000000000102,0.8699999999999761,False,True,10587356.0,False,-0.3731424981634838,False,0,False,251,0.0,stale,False,0,0,150354000.0,1707341800.0,7.313174061067313,1.0,2.995959507184474,23.021598896,16.637204418,1.4575914328473296,75.124831957,26.540568341,249.92,2024-07-23,LOSS,215.5,-12.760100396729012,11,13.079912557687637,-0.9837260140879193
80_BEA_20240807_0930_200.35,80,2024-08-07 09:30:00,20240807_0930,BEARISH,17,200.35328118460518,200.35,69,active,2024-04-29_to_2024-04-29,200.35328118460518,197.38670904976982,,198.05,5.439999999999998,2.799999999999983,5.969999999999999,2.1321428571428696,0.5300000000000011,2.640000000000015,False,True,20213739.0,False,1.0691738131263973,True,0,False,100,0.0,stale,False,0,0,243869700.0,859485700.0,8.062589375271438,1.0,2.808791262571946,23.535427752,22.951604362,1.6177897713222888,73.778068801,27.7276465,203.49,2024-08-07,LOSS,199.02,0.48977530926533647,13,3.317344105023995,-1.3380459479929194
81_BUL_20240808_0930_197.39,81,2024-08-08 09:30:00,20240808_0930,BULLISH,17,197.38670904976982,197.39,81,active,2024-04-29_to_2024-04-29,200.35328118460518,197.38670904976982,192.04,197.4,5.360000000000014,1.700000000000017,5.400000000000006,3.1764705882352655,3.6599999999999966,0.03999999999999204,True,False,18781523.0,True,1.7213453744828247,True,1,False,101,0.0,stale,False,0,0,243869700.0,924519600.0,8.062589375271438,1.0,2.808791262571946,23.535427752,22.951604362,1.6177897713222888,73.778068801,27.7276465,,2024-08-08,WIN,200.03,1.332320162107394,13,1.762917933130694,-1.160081053698071
82_BUL_20240808_1130_197.39,82,2024-08-08 11:30:00,20240808_1130,BULLISH,17,197.38670904976982,197.39,53,active,2024-04-29_to_2024-04-29,200.35328118460518,197.38670904976982,196.93,197.43,0.5,1.3799999999999955,2.1500000000000057,1.557971014492763,0.5,0.27000000000001023,True,False,6366652.0,False,-0.5839455203382691,False,1,False,101,0.0,stale,False,0,0,243869700.0,924519600.0,8.062589375271438,1.0,2.808791262571946,23.535427752,22.951604362,1.6177897713222888,73.778068801,27.7276465,,2024-08-08,WIN,200.03,1.3169224535278297,11,1.7474547941042338,-1.1751000354556012
83_BUL_20240808_1230_197.39,83,2024-08-08 12:30:00,20240808_1230,BULLISH,17,197.38670904976982,197.39,57,active,2024-04-29_to_2024-04-29,200.35328118460518,197.38670904976982,196.47,199.93,3.460000000000008,2.450000000000017,3.4799999999999898,1.420408163265292,1.009999999999991,0.01999999999998181,True,False,6745997.0,False,-0.5176654523069357,False,1,False,101,0.0,stale,False,0,0,243869700.0,924519600.0,8.062589375271438,1.0,2.808791262571946,23.535427752,22.951604362,1.6177897713222888,73.778068801,27.7276465,,2024-08-08,LOSS,200.03,0.05001750612714166,10,0.4751663082078671,-2.4108437953283617
84_BEA_20240809_1430_200.35,84,2024-08-09 14:30:00,20240809_1430,BEARISH,17,200.35328118460518,200.35,47,active,2024-04-29_to_2024-04-29,200.35328118460518,197.38670904976982,,199.63,0.8300000000000125,0.1599999999999966,1.2800000000000011,8.000000000000178,0.28999999999999204,0.8300000000000125,True,True,5342099.0,False,-0.7393793197619554,False,0,True,102,0.0,stale,False,0,0,243869700.0,924519600.0,8.062589375271438,1.0,2.808791262571946,23.535427752,22.951604362,1.6177897713222888,73.778068801,27.7276465,200.46,2024-08-09,LOSS,200.03,0.2003706857686749,1,0.11521314431698129,-0.26048189149927875
85_BUL_20240812_1230_197.39,85,2024-08-12 12:30:00,20240812_1230,BULLISH,17,197.38670904976982,197.39,59,active,2024-04-29_to_2024-04-29,200.35328118460518,197.38670904976982,196.22,197.43,1.210000000000008,0.17000000000001592,1.7700000000000102,10.411764705881438,1.039999999999992,0.5600000000000023,True,True,6388532.0,False,-0.483543077713598,False,1,False,105,0.0,stale,False,0,0,243869700.0,924519600.0,8.062589375271438,1.0,2.808791262571946,23.535427752,22.951604362,1.6177897713222888,73.778068801,27.7276465,,2024-08-12,WIN,207.93,5.318340677708554,10,5.601985513853012,-0.207668540748618
86_BUL_20240812_1330_197.39,86,2024-08-12 13:30:00,20240812_1330,BULLISH,17,197.38670904976982,197.39,50,active,2024-04-29_to_2024-04-29,200.35328118460518,197.38670904976982,197.02,198.53,1.509999999999991,1.0999999999999943,1.8100000000000023,1.645454545454556,0.4099999999999966,0.30000000000001137,True,False,5629141.0,False,-0.6040249300015669,False,1,False,105,0.0,stale,False,0,0,243869700.0,924519600.0,8.062589375271438,1.0,2.808791262571946,23.535427752,22.951604362,1.6177897713222888,73.778068801,27.7276465,,2024-08-12,WIN,207.93,4.734800785775453,9,5.01687402407697,-0.7404422505414793
87_BUL_20240812_1530_197.39,87,2024-08-12 15:30:00,20240812_1530,BULLISH,17,197.38670904976982,197.39,53,active,2024-04-29_to_2024-04-29,200.35328118460518,197.38670904976982,197.07,197.48,0.4099999999999966,0.21999999999999886,1.1899999999999977,5.409090909090927,0.4099999999999966,0.5600000000000023,True,True,3796183.0,False,-0.9091256190015612,False,1,True,105,0.0,stale,False,0,0,243869700.0,924519600.0,8.062589375271438,1.0,2.808791262571946,23.535427752,22.951604362,1.6177897713222888,73.778068801,27.7276465,,2024-08-12,WIN,207.93,5.291675106339891,7,5.575248126392556,-0.21267976503949135
50_BEA_20240813_1430_207.18,50,2024-08-13 14:30:00,20240813_1430,BEARISH,11,207.18335980006626,207.18,49,active,2023-11-10_to_2023-11-10,207.18335980006626,204.19664508274624,,206.83,0.6099999999999852,0.22999999999998977,1.3899999999999864,6.043478260869775,0.7800000000000011,0.37999999999999545,True,True,5924222.0,False,-0.5153850027641075,False,0,False,277,0.0,stale,False,0,0,130994000.0,940407900.0,6.762966174849977,1.0,3.187463147759268,26.733614631,16.547089657,1.2545038210746955,79.769762183,29.810987565,207.44,2024-08-13,LOSS,201.35,-2.6495189285887046,8,3.9065899531015873,-0.7784170574868178
47_BEA_20240924_0930_254.37,47,2024-09-24 09:30:00,20240924_0930,BEARISH,9,254.36699998038156,254.37,83,active,2023-11-29_to_2023-11-29,254.36699998038156,251.13300001961844,,250.68,6.509999999999991,3.469999999999999,6.680000000000007,1.9250720461095128,0.17000000000001592,3.039999999999992,False,True,36532525.0,True,2.7610749605414866,True,0,False,300,0.0,stale,False,0,0,135401300.0,2183973300.0,6.326459049898935,1.0,3.4973279463738907,25.265096674,16.831513185,1.0909138115238397,76.266689207,26.153421073,257.19,2024-09-24,LOSS,256.99,2.5171533429072928,13,0.650231370671771,-2.5410882399872365
